{
  "decisao": {
    "alocacao_valida": true,
    "probabilidade_sobrevivencia_ruim": 1.0,
    "tempo_ate_zero_ruim": null
  },
  "alocacao": {
    "reserva_seguranca_pct": 21.6,
    "crescimento_pct": 66.64,
    "risco_pct": 11.76,
    "reserva_seguranca_valor": 32400.000000000004,
    "crescimento_valor": 99960.0,
    "risco_valor": 17640.0
  },
  "parametros": {
    "dinheiro_em_maos": 150000.0,
    "caixa_mensal_esperado": 25000.0,
    "despesas_fixas": 12000.0,
    "despesas_variaveis": 5000.0,
    "volatilidade_caixa": 0.2,
    "tolerancia_risco": 0.5,
    "meses_protegidos": 6,
    "retorno_seguro": 0.009,
    "retorno_medio_risco": 0.01,
    "retorno_alto_risco": 0.05,
    "volatilidade_seguro": 0.001,
    "volatilidade_medio_risco": 0.05,
    "volatilidade_alto_risco": 0.15
  },
  "cenarios": {
    "bom": {
      "sobrevive": true,
      "meses_ate_zero": null,
      "trajetoria": [
        150000.0,
        158018.435821949,
        158958.17614275008,
        173695.5145958504,
        202183.71115214145,
        216044.0239090381,
        237506.2221797615,
        247610.16741141822,
        250620.77678010883,
        264403.67199870874,
        278547.60497895937,
        279591.126654722,
        300319.06615908275,
        325298.7035660587,
        350764.0567124882,
        371532.0026586563,
        397902.59052095114,
        405874.35680784425,
        436150.5834414095
      ]
    },
    "neutro": {
      "sobrevive": true,
      "meses_ate_zero": null,
      "trajetoria": [
        150000.0,
        152405.91404961905,
        176169.15528707314,
        188778.41404061232,
        194350.78427329715,
        202388.883967512,
        202754.51259661812,
        202288.63969552776,
        223968.2935339241,
        237616.79179489834,
        245728.26328385936,
        261868.923141331,
        276678.3657726779,
        298319.9671931938,
        307614.10997709754,
        337829.2396837714,
        356178.5450425347,
        362974.8151032481,
        378523.344383436
      ]
    },
    "ruim": {
      "sobrevive": true,
      "meses_ate_zero": null,
      "trajetoria": [
        150000.0,
        137849.01865019838,
        132833.4869334712,
        126678.92834028037,
        122300.44313013411,
        111808.70515533391,
        93849.40306123445,
        84667.5410590971,
        74657.44580314352,
        63218.44208347144,
        66013.51893233926,
        61464.25626446175,
        64270.99426608147,
        57510.51509402163,
        52953.285203904365,
        49904.02850232208,
        46222.614435093616,
        30970.9655460501,
        22371.76685670657
      ]
    }
  },
  "timestamp": "2026-01-30 17:35:02"
}